time;gross;coal_flow;main_steam_press;feedwater_flow;nilai_kalori;air_flow
01-Jan-21;-0.1;0.0;0.1;359.5;;0.0
02-Jan-21;-0.1;0.0;0.0;372.1;;592.2
03-Jan-21;-0.1;0.0;0.0;384.9;;0.0
04-Jan-21;-0.1;0.0;;394.0;;0.0
05-Jan-21;-0.1;0.0;0.0;407.1;;26.0
06-Jan-21;-0.1;0.0;0.0;415.1;;19.2
07-Jan-21;0.0;0.0;0.0;420.8;;0.0
08-Jan-21;0.0;0.0;0.1;424.8;;0.0
09-Jan-21;-0.1;0.0;0.1;410.6;;14.6
10-Jan-21;-0.1;0.0;0.1;423.3;;0.0
11-Jan-21;-0.1;0.0;0.1;415.5;;10.7
12-Jan-21;0.0;0.0;0.1;413.7;;11.9
13-Jan-21;24.2;0.0;0.1;411.4;;0.0
14-Jan-21;0.0;0.0;0.1;412.6;;0.0
15-Jan-21;0.0;60.0;0.1;417.9;;13.2
16-Jan-21;0.1;29.7;0.1;420.3;;0.0
17-Jan-21;0.0;24.3;0.1;413.3;;0.0
18-Jan-21;0.0;59.6;0.1;408.5;;13.3
19-Jan-21;0.0;0.0;0.1;415.2;;19.6
20-Jan-21;0.0;0.0;0.1;422.3;;20.6
21-Jan-21;-0.2;72.0;0.1;424.5;;28.9
22-Jan-21;-0.1;0.0;0.1;427.4;;19.8
23-Jan-21;-0.1;0.0;0.1;433.4;;19.5
24-Jan-21;-0.1;0.0;0.1;427.6;;29.0
25-Jan-21;-0.1;0.0;0.1;442.8;;19.3
26-Jan-21;-0.1;69.9;0.1;444.7;;23.0
27-Jan-21;0.0;0.0;0.1;448.1;;16.5
28-Jan-21;-0.1;0.0;0.1;448.1;;25.4
29-Jan-21;0.0;0.0;0.1;450.8;;26.8
30-Jan-21;-0.1;0.0;0.1;459.5;;21.0
31-Jan-21;-0.1;0.0;0.1;465.0;;16.6
01-Feb-21;-0.1;0.0;0.1;466.7;;21.6
02-Feb-21;-0.1;0.0;0.1;451.5;;28.7
03-Feb-21;-0.1;0.0;0.1;448.2;;40.1
04-Feb-21;-0.1;0.0;0.1;459.1;;27.4
05-Feb-21;-0.1;0.0;0.1;465.7;;26.7
06-Feb-21;-0.1;0.0;0.1;478.2;;28.1
07-Feb-21;-0.1;0.0;0.1;476.0;;27.9
08-Feb-21;-0.1;0.0;0.1;478.6;;30.4
09-Feb-21;-0.1;0.0;0.1;483.6;;28.9
10-Feb-21;-0.2;0.0;0.1;485.1;;28.0
11-Feb-21;-0.2;0.0;0.1;484.8;;29.6
12-Feb-21;-0.2;0.0;0.1;480.7;;32.6
13-Feb-21;-0.2;0.0;0.1;485.2;;30.5
14-Feb-21;-0.2;0.0;0.1;486.9;;30.0
15-Feb-21;-0.1;0.0;0.1;485.5;;30.6
16-Feb-21;-0.1;0.0;0.1;484.0;;29.9
17-Feb-21;-0.1;0.0;0.1;477.9;;29.8
18-Feb-21;-0.1;0.0;0.1;477.0;;30.6
19-Feb-21;-0.1;0.0;0.1;482.4;;31.7
20-Feb-21;-0.1;0.0;0.1;482.3;;31.7
21-Feb-21;-0.1;0.0;0.1;488.9;;28.6
22-Feb-21;-0.2;0.0;0.1;488.9;;27.5
23-Feb-21;-0.2;0.0;0.1;492.2;;27.6
24-Feb-21;-0.1;0.0;0.1;482.9;;28.2
25-Feb-21;-0.1;0.0;0.1;487.0;;31.3
26-Feb-21;-0.1;0.0;0.1;482.2;;30.5
27-Feb-21;-0.1;0.0;0.1;491.5;;34.0
28-Feb-21;-0.1;0.0;0.1;508.6;;26.9
01-Mar-21;-0.1;0.0;0.1;500.4;;26.6
02-Mar-21;0.0;0.0;0.1;492.6;;42.0
03-Mar-21;0.6;0.0;0.1;494.8;;30.6
04-Mar-21;-0.1;0.0;0.1;494.4;;28.7
05-Mar-21;-0.1;0.0;0.1;500.0;;28.4
06-Mar-21;-0.1;0.0;0.1;294.5;;30.5
07-Mar-21;-0.1;0.0;0.1;268.1;;30.6
08-Mar-21;-0.1;0.0;0.1;327.3;;31.5
09-Mar-21;-0.1;0.0;0.1;344.5;;30.1
10-Mar-21;-0.1;0.0;0.1;183.0;;35.5
11-Mar-21;0.0;0.0;0.1;439.5;;31.8
12-Mar-21;0.0;0.0;0.1;293.2;;31.1
13-Mar-21;0.0;0.0;0.1;541.6;;29.7
14-Mar-21;0.0;0.0;0.1;544.9;;30.2
15-Mar-21;0.0;0.0;0.1;398.1;;31.4
16-Mar-21;0.0;0.0;0.1;286.2;;29.1
17-Mar-21;0.0;0.0;0.1;569.6;;30.2
18-Mar-21;0.0;0.0;0.1;556.6;;28.3
19-Mar-21;0.0;0.0;0.1;43.0;;29.2
20-Mar-21;-0.1;0.0;0.1;21.4;;27.0
21-Mar-21;-0.1;0.0;0.1;21.5;;27.2
22-Mar-21;-0.1;0.0;0.1;21.9;;27.8
23-Mar-21;-0.1;0.0;0.1;55.3;;27.8
24-Mar-21;-0.1;0.0;0.1;103.0;;584.4
25-Mar-21;-0.1;23.6;0.1;59.5;;936.0
26-Mar-21;-0.1;23.6;0.2;53.1;;894.6
27-Mar-21;-0.1;18.4;0.2;103.7;;841.1
28-Mar-21;128.4;83.7;7.0;429.3;;851.6
29-Mar-21;225.8;193.4;8.2;838.6;3877.3;889.9
30-Mar-21;405.7;326.9;12.1;1453.4;3491.5;1338.4
31-Mar-21;450.0;345.5;13.4;1570.8;3573.0;1455.9
01-Apr-21;459.8;343.9;13.7;1619.1;3744.9;1456.6
02-Apr-21;539.7;371.4;15.7;1905.8;3762.7;1655.2
03-Apr-21;559.8;345.0;16.1;1990.0;4410.6;1726.6
04-Apr-21;579.8;380.6;16.1;1995.6;4328.0;1840.1
05-Apr-21;569.0;370.3;15.9;1908.5;3868.5;1660.8
06-Apr-21;576.0;374.5;15.8;1944.6;3824.7;1628.9
07-Apr-21;602.7;402.5;16.4;2023.2;3817.2;1706.1
08-Apr-21;566.8;370.1;15.7;1906.7;4017.0;1579.2
09-Apr-21;611.0;396.1;16.6;2057.0;4032.4;1675.8
10-Apr-21;505.2;342.4;14.7;1736.0;4034.7;1583.5
11-Apr-21;530.6;325.0;15.2;1801.5;4384.1;1519.1
12-Apr-21;573.0;374.2;16.0;1921.0;3897.3;1631.2
13-Apr-21;599.5;368.0;16.4;2008.6;4237.2;1693.6
14-Apr-21;592.0;386.6;16.1;1994.8;4166.3;1684.9
15-Apr-21;591.9;369.0;16.0;1994.9;4319.8;1655.0
16-Apr-21;432.2;284.8;12.5;1480.6;4376.6;1416.1
17-Apr-21;402.8;295.5;12.3;1358.3;4193.5;1391.1
18-Apr-21;379.4;234.3;11.9;1094.9;3582.3;1261.2
19-Apr-21;608.1;359.7;16.4;2044.5;4558.2;1664.2
20-Apr-21;610.9;399.6;16.4;2067.8;4326.8;1711.3
21-Apr-21;606.7;408.0;16.5;2029.5;3832.8;1741.2
22-Apr-21;589.6;395.1;16.3;2013.5;3829.3;1760.1
23-Apr-21;587.2;399.9;16.1;1980.4;4005.8;1700.0
24-Apr-21;372.2;303.5;12.0;865.9;0.0;969.4
25-Apr-21;0.0;0.0;0.1;219.5;0.0;203.7
26-Apr-21;0.0;0.0;0.1;510.0;0.0;13.3
27-Apr-21;0.0;71.9;0.1;22.1;0.0;0.0
28-Apr-21;0.0;14.0;0.1;40.2;0.0;691.3
29-Apr-21;0.0;0.0;0.1;20.1;0.0;380.5
30-Apr-21;0.0;9.0;0.0;82.0;0.0;858.0
01-May-21;380.8;239.4;12.3;1192.5;3924.4;1277.8
02-May-21;527.8;351.1;14.7;1767.7;4149.7;1527.2
03-May-21;592.1;382.3;16.2;1970.3;4229.3;1652.9
04-May-21;609.5;401.2;16.3;2017.1;4446.4;1700.7
05-May-21;614.8;390.5;16.6;2046.4;4064.9;1692.6
06-May-21;598.1;416.0;16.1;1992.3;4104.2;1713.0
07-May-21;579.8;406.0;15.7;1918.5;3715.9;1714.3
08-May-21;607.7;398.3;16.3;2010.3;4091.2;1723.6
09-May-21;564.3;390.2;15.3;1872.9;3689.0;1720.9
10-May-21;608.5;386.8;16.4;2017.0;3600.2;1702.5
11-May-21;539.4;353.2;15.1;1786.1;4186.1;1553.5
12-May-21;551.0;358.0;15.5;1835.4;4014.5;1616.9
13-May-21;531.1;324.5;14.8;1755.6;4209.3;1522.6
14-May-21;542.9;361.1;15.1;1817.2;3896.6;1780.5
15-May-21;472.0;314.6;13.7;1579.8;4175.5;1608.8
16-May-21;393.5;268.9;12.2;1324.7;3905.4;1423.3
17-May-21;440.2;306.5;12.9;1473.1;3862.4;1504.0
18-May-21;492.2;354.8;14.4;1651.0;3585.7;1645.9
19-May-21;533.9;377.5;15.0;1787.0;3821.4;1639.3
20-May-21;557.8;378.9;15.4;1839.3;3754.2;1663.4
21-May-21;589.9;317.7;16.1;1955.9;4657.1;1625.2
22-May-21;459.7;269.1;13.2;1535.9;4092.2;1472.7
23-May-21;443.9;265.8;13.6;1500.3;4603.3;1358.5
24-May-21;468.3;277.7;13.5;1458.7;4851.6;1158.5
25-May-21;375.8;217.6;11.3;1254.5;4309.9;1089.2
26-May-21;0.0;0.0;0.0;0.0;4928.5;0.0
27-May-21;450.1;282.5;13.0;1518.0;4494.2;1331.5
28-May-21;451.2;299.0;13.0;1525.1;4126.9;1357.2
29-May-21;452.1;296.6;13.1;1522.8;4264.4;1304.5
30-May-21;452.2;309.4;13.2;1532.9;3841.4;1408.1
31-May-21;439.3;281.9;12.9;1484.5;3596.5;1349.1
01-Jun-21;449.2;281.2;13.1;1511.0;4315.9;1340.8
02-Jun-21;436.0;272.2;12.8;1474.6;4195.7;1376.6
03-Jun-21;421.9;303.9;12.7;1429.4;4014.7;1480.3
04-Jun-21;431.7;309.7;12.7;1467.8;3861.0;1507.4
05-Jun-21;445.7;293.9;12.8;1496.4;4248.1;1375.9
06-Jun-21;360.9;251.6;11.5;1230.8;3985.2;1310.1
07-Jun-21;421.7;311.9;12.4;1424.3;3685.6;1459.8
08-Jun-21;114.1;134.2;6.5;150.2;0.0;470.2
09-Jun-21;0.0;0.0;0.1;70.6;0.0;534.5
10-Jun-21;0.0;0.0;0.1;15.1;0.0;0.0
11-Jun-21;0.0;0.0;0.1;19.7;0.0;0.0
12-Jun-21;219.1;149.1;8.4;484.4;0.0;1017.6
13-Jun-21;538.6;348.9;15.0;1848.3;4050.1;1601.3
14-Jun-21;554.2;354.7;15.3;1878.3;4237.1;1668.6
15-Jun-21;577.0;348.3;15.6;1943.1;4318.7;1666.0
16-Jun-21;559.2;372.1;15.1;1883.0;4078.8;1781.2
17-Jun-21;470.8;361.8;13.3;1594.7;4098.3;1713.4
18-Jun-21;459.0;358.1;13.1;1567.4;3588.5;1725.0
19-Jun-21;441.6;317.2;12.9;1520.7;4148.9;1478.2
20-Jun-21;364.2;297.9;11.3;1274.3;3598.9;1468.0
21-Jun-21;436.8;315.3;13.1;1506.1;3932.8;1538.4
22-Jun-21;473.1;320.0;14.0;1634.2;3823.5;1504.9
23-Jun-21;516.8;317.2;14.2;1763.6;4214.7;1517.1
24-Jun-21;492.8;316.5;13.6;1689.1;4616.5;1496.4
25-Jun-21;472.7;328.6;13.2;1620.8;4090.7;1529.9
26-Jun-21;485.1;296.2;13.5;1660.2;4558.2;1336.2
27-Jun-21;484.8;302.2;13.5;1651.8;4667.7;1384.8
28-Jun-21;466.6;330.5;13.3;1602.4;4619.3;1588.8
29-Jun-21;476.5;315.8;13.4;1633.7;4422.0;1472.2
30-Jun-21;481.7;323.4;13.4;1643.7;4149.0;1507.2
01-Jul-21;474.6;338.0;13.2;1630.2;4161.6;1534.5
02-Jul-21;43.6;119.3;6.8;55.4;0.0;383.6
03-Jul-21;0.0;0.0;0.1;83.7;0.0;280.1
04-Jul-21;0.0;0.0;0.1;12.5;0.0;22.5
05-Jul-21;0.0;0.0;0.1;11.0;0.0;19.7
06-Jul-21;0.0;0.0;0.1;71.7;0.0;25.6
07-Jul-21;224.7;142.0;8.5;530.3;0.0;1038.9
08-Jul-21;509.3;365.5;14.1;1721.9;3688.6;1715.9
09-Jul-21;500.5;371.7;13.7;1689.6;3432.1;1689.0
10-Jul-21;488.2;353.6;13.5;1644.4;3517.4;1581.7
11-Jul-21;413.4;349.6;11.9;1399.9;3487.3;1540.5
12-Jul-21;514.6;380.8;13.8;1732.3;3594.3;1571.5
13-Jul-21;485.6;395.0;13.7;1628.0;4197.8;1655.7
14-Jul-21;589.2;382.1;15.8;1954.7;4183.4;1648.6
15-Jul-21;327.9;243.2;10.0;1132.2;4098.3;1151.1
16-Jul-21;6.7;73.8;3.6;134.3;0.0;417.9
17-Jul-21;0.0;0.0;0.1;17.8;0.0;412.7
18-Jul-21;0.0;1.1;0.1;9.7;0.0;181.6
19-Jul-21;0.0;0.1;0.1;-0.6;0.0;22.3
20-Jul-21;0.0;0.0;0.1;-0.6;0.0;15.1
21-Jul-21;0.0;0.0;0.1;35.4;0.0;25.6
22-Jul-21;253.2;165.5;10.5;893.9;0.0;1083.5
23-Jul-21;336.5;219.9;11.5;1136.1;0.0;1017.9
24-Jul-21;269.9;200.6;8.1;901.4;0.0;857.8
25-Jul-21;311.2;245.1;9.4;1047.2;3919.8;959.8
26-Jul-21;584.8;380.3;15.5;1949.7;4026.7;1575.0
27-Jul-21;536.1;387.3;14.4;1787.3;4203.0;1614.0
28-Jul-21;544.1;393.7;14.6;1811.6;3935.2;1580.5
29-Jul-21;587.3;393.6;15.6;1964.3;4077.1;1692.6
30-Jul-21;568.9;395.5;15.3;1904.3;4018.1;1702.9
31-Jul-21;588.3;390.0;15.7;1966.8;4013.6;1609.5
01-Aug-21;494.1;358.8;13.5;1664.7;4016.8;1568.9
02-Aug-21;526.9;384.5;14.3;1771.2;3620.5;1606.7
03-Aug-21;542.8;349.8;15.0;1838.2;3625.1;1599.8
04-Aug-21;525.8;336.3;14.2;1772.5;3863.4;1508.2
05-Aug-21;503.5;324.3;14.1;1676.0;4180.6;1450.7
06-Aug-21;539.1;368.2;14.5;1809.6;3946.0;1613.7
07-Aug-21;562.5;379.1;14.9;1880.3;4189.9;1638.7
08-Aug-21;555.6;346.6;14.9;1864.8;3984.8;1598.6
09-Aug-21;557.7;353.4;14.7;1847.3;4483.5;1596.9
10-Aug-21;587.2;359.9;15.5;1935.3;4235.8;1574.1
11-Aug-21;530.8;343.4;14.7;1769.8;4455.2;1547.2
12-Aug-21;582.2;370.6;15.6;1943.1;4218.6;1696.7
13-Aug-21;597.2;366.7;15.9;2000.0;4064.9;1681.3
14-Aug-21;541.9;389.4;14.7;1820.7;4422.9;1678.8
15-Aug-21;560.4;365.7;15.3;1885.4;3783.2;1672.6
16-Aug-21;457.8;373.9;13.1;1532.7;3878.6;1591.4
17-Aug-21;504.2;379.3;13.9;1691.4;3831.1;1677.2
18-Aug-21;555.5;376.0;15.1;1862.8;3410.9;1673.5
19-Aug-21;583.4;381.2;15.6;1953.7;3912.9;1673.0
20-Aug-21;524.4;386.4;14.6;1775.7;4191.4;1665.7
21-Aug-21;530.4;371.2;14.7;1783.9;3855.6;1632.8
22-Aug-21;483.3;351.0;13.7;1628.2;3777.1;1540.2
23-Aug-21;558.6;376.5;15.1;1866.6;3957.6;1637.1
24-Aug-21;389.1;309.9;12.0;1333.1;3929.5;1439.1
25-Aug-21;281.2;244.8;8.6;988.1;3274.6;1238.3
26-Aug-21;478.4;334.3;13.2;1649.2;3719.9;1472.4
27-Aug-21;410.0;276.2;11.7;1422.2;3913.2;1342.7
28-Aug-21;313.1;240.6;9.0;1106.4;4060.8;1193.8
29-Aug-21;283.5;267.6;9.0;1011.6;3851.6;1202.4
30-Aug-21;273.2;262.1;8.9;966.8;3414.7;1147.1
31-Aug-21;279.6;236.6;8.2;1001.1;3032.8;1061.6
01-Sep-21;0.0;0.0;0.1;23.6;3912.9;314.7
02-Sep-21;0.0;0.0;0.1;29.6;;431.1
03-Sep-21;0.0;0.0;0.1;0.0;;27.6
04-Sep-21;0.0;0.0;0.0;0.0;0.0;0.0
05-Sep-21;0.0;0.0;0.0;0.0;0.0;0.0
06-Sep-21;0.0;0.0;0.0;0.0;0.0;0.0
07-Sep-21;0.0;0.0;0.0;0.0;0.0;0.0
08-Sep-21;0.0;0.0;0.0;0.0;0.0;0.0
09-Sep-21;0.0;0.0;0.0;0.0;0.0;0.0
10-Sep-21;0.0;0.0;0.0;0.0;0.0;0.0
11-Sep-21;0.0;0.0;0.0;0.0;0.0;0.0
12-Sep-21;0.0;0.0;0.0;0.0;0.0;0.0
13-Sep-21;580.6;385.8;15.5;1946.3;4032.2;1638.7
14-Sep-21;549.0;370.5;14.9;1832.5;4544.1;1576.9
15-Sep-21;530.5;364.0;14.3;1764.5;4058.8;1647.0
16-Sep-21;539.2;385.1;14.7;1799.5;3924.2;1677.6
17-Sep-21;568.1;360.9;15.3;1893.5;3959.2;1677.1
18-Sep-21;345.2;292.9;12.2;822.0;0.0;871.7
19-Sep-21;-0.1;0.0;0.1;24.9;0.0;343.0
20-Sep-21;0.8;0.0;0.1;164.4;0.0;160.6
21-Sep-21;1.0;0.0;0.1;-0.6;0.0;37.9
22-Sep-21;0.5;0.0;0.1;-0.6;0.0;29.8
23-Sep-21;0.4;0.0;0.1;-0.6;0.0;28.4
24-Sep-21;0.9;0.0;0.1;-0.6;0.0;27.3
25-Sep-21;1.0;0.0;0.1;-0.6;0.0;27.4
26-Sep-21;1.0;0.0;0.1;-0.6;0.0;29.9
27-Sep-21;0.9;0.0;0.1;-0.6;0.0;28.9
28-Sep-21;35.1;52.8;5.4;255.9;0.0;775.2
29-Sep-21;449.4;312.7;12.4;1536.5;3623.6;1427.4
30-Sep-21;476.3;327.9;12.4;1607.9;3918.6;1384.4
01-Oct-21;493.7;316.4;13.2;1628.7;4183.3;1456.2
02-Oct-21;491.1;335.0;13.2;1652.6;4193.1;1558.6
03-Oct-21;489.3;336.4;13.2;1615.7;4396.8;1521.3
04-Oct-21;491.7;326.4;13.2;1630.8;4323.2;1450.0
05-Oct-21;487.1;343.1;13.2;1629.4;3763.6;1515.7
06-Oct-21;491.9;336.5;13.2;1663.0;3715.8;1383.4
07-Oct-21;482.2;319.6;13.0;1620.6;4050.2;1319.5
08-Oct-21;470.4;309.3;12.7;1569.2;3845.1;1294.9
09-Oct-21;469.7;316.2;12.7;1589.2;4223.3;1376.9
10-Oct-21;462.3;338.1;12.5;1561.4;3979.7;1499.5
11-Oct-21;463.5;331.2;12.6;1579.5;3910.3;1429.8
12-Oct-21;429.2;298.8;11.8;1467.5;4244.5;1305.5
13-Oct-21;386.2;274.5;10.9;1320.8;3879.0;1246.2
14-Oct-21;399.4;273.4;11.0;1368.8;4226.0;1239.3
15-Oct-21;399.3;258.5;11.0;1372.4;4532.9;1224.1
16-Oct-21;402.8;265.3;11.0;1322.8;4480.9;1253.9
17-Oct-21;405.0;265.5;11.0;1350.2;4441.6;1249.5
18-Oct-21;425.5;289.8;11.6;1419.6;3993.6;1349.4
19-Oct-21;458.3;311.1;12.4;1508.9;4173.7;1407.0
20-Oct-21;456.8;335.6;12.4;1529.0;3762.3;1489.8
21-Oct-21;488.8;325.5;13.1;1600.7;4033.0;1427.6
22-Oct-21;485.5;328.9;13.1;1582.1;3613.4;1454.2
23-Oct-21;499.9;331.0;13.5;1650.6;3757.8;1429.9
24-Oct-21;500.3;318.1;13.5;1624.6;3940.1;1350.8
25-Oct-21;500.5;302.7;13.4;1552.7;4314.5;1265.8
26-Oct-21;500.3;297.1;13.4;1577.2;4534.4;1274.4
27-Oct-21;492.6;339.1;13.1;1580.8;3962.4;1432.3
28-Oct-21;500.1;320.3;13.4;1612.8;4479.1;1371.4
29-Oct-21;498.7;323.7;13.3;1600.9;4255.7;1395.9
30-Oct-21;501.4;322.0;13.4;1610.3;3968.5;1439.3
31-Oct-21;501.0;337.5;13.4;1651.9;4512.9;1557.0
01-Nov-21;500.5;335.3;13.4;1656.6;3964.6;1507.0
02-Nov-21;497.0;343.3;13.2;1638.8;3912.0;1488.0
03-Nov-21;495.9;334.8;13.4;1650.7;3994.7;1419.5
04-Nov-21;498.0;348.3;13.4;1643.9;3894.7;1511.4
05-Nov-21;500.2;338.2;13.4;1624.7;3805.8;1515.3
06-Nov-21;499.6;322.1;13.4;1612.8;3810.4;1454.6
07-Nov-21;501.0;323.6;13.5;1621.1;4014.7;1514.3
08-Nov-21;501.7;323.0;13.5;1623.6;4156.5;1490.9
09-Nov-21;501.2;323.1;13.5;1620.5;4054.5;1483.3
10-Nov-21;500.4;336.0;13.4;1613.1;4171.3;1520.6
11-Nov-21;500.3;331.4;13.4;1635.1;4229.2;1482.5
12-Nov-21;499.4;329.3;13.5;1660.7;4215.8;1452.7
13-Nov-21;499.5;334.1;13.5;1660.6;4238.0;1461.0
14-Nov-21;499.6;335.1;13.5;1658.5;3889.2;1458.3
15-Nov-21;498.9;329.7;13.5;1657.7;3873.6;1422.0
16-Nov-21;479.6;297.7;13.1;1597.4;3710.1;1305.6
17-Nov-21;477.3;294.2;13.0;1560.2;4343.3;1326.3
18-Nov-21;494.8;301.7;13.3;1588.0;4344.7;1405.5
19-Nov-21;494.7;321.6;13.4;1604.3;4042.4;1482.5
20-Nov-21;432.0;279.8;12.0;1419.7;4236.5;1335.3
21-Nov-21;435.5;270.7;12.0;1414.8;4190.4;1304.6
22-Nov-21;479.7;293.7;13.0;1552.2;4230.8;1325.1
23-Nov-21;500.4;302.6;13.4;1619.5;4419.3;1426.3
24-Nov-21;500.3;311.8;13.4;1625.8;4214.8;1528.5
25-Nov-21;500.3;304.9;13.4;1618.3;4400.2;1428.6
26-Nov-21;491.4;304.1;13.1;1565.5;4615.1;1455.5
27-Nov-21;409.9;270.7;11.7;1348.1;4573.7;1351.5
28-Nov-21;388.0;259.3;10.9;1298.6;4526.3;1335.4
29-Nov-21;470.4;302.6;12.9;1557.4;4409.5;1442.4
30-Nov-21;498.4;326.3;13.3;1641.0;4217.0;1510.0
01-Dec-21;497.3;332.7;13.5;1645.0;4127.2;1506.4
02-Dec-21;498.0;343.2;13.5;1658.8;4244.9;1592.2
03-Dec-21;469.7;313.7;12.9;1570.2;3887.2;1441.3
04-Dec-21;500.4;305.9;13.5;1663.5;3862.5;1431.4
05-Dec-21;444.7;310.2;12.3;1482.5;4280.9;1475.4
06-Dec-21;447.3;349.1;12.4;1493.8;3728.2;1526.7
07-Dec-21;436.6;334.5;12.4;1462.8;3914.2;1443.3
08-Dec-21;482.4;314.6;13.4;1612.2;4190.2;1364.0
09-Dec-21;478.3;300.6;13.1;1592.5;4408.7;1368.9
10-Dec-21;496.3;312.1;13.4;1630.3;4502.1;1441.4
11-Dec-21;470.7;324.0;12.5;1559.2;4481.9;1495.4
12-Dec-21;440.9;317.8;12.3;1476.0;4258.5;1388.5
13-Dec-21;490.7;323.8;13.4;1637.8;4277.6;1473.3
14-Dec-21;500.3;315.1;13.6;1651.5;4538.7;1450.0
15-Dec-21;491.5;326.2;13.2;1613.4;4413.7;1474.2
16-Dec-21;480.4;323.6;13.0;1584.6;4145.7;1438.1
17-Dec-21;480.3;331.8;12.9;1588.5;4174.5;1457.8
18-Dec-21;480.5;325.0;13.0;1599.2;4088.6;1411.0
19-Dec-21;469.4;297.0;12.7;1557.1;4440.8;1349.3
20-Dec-21;477.6;315.2;12.8;1556.7;4301.3;1389.7
21-Dec-21;472.7;352.6;13.0;1574.3;0.0;1502.7
22-Dec-21;480.7;336.9;13.3;1601.8;0.0;1433.2
23-Dec-21;466.5;317.6;12.9;1555.1;0.0;1434.4
24-Dec-21;390.1;262.8;11.0;1311.3;0.0;1216.1
25-Dec-21;253.3;190.6;8.7;875.8;0.0;929.6
26-Dec-21;256.1;198.8;8.5;885.9;0.0;893.2
27-Dec-21;259.5;200.7;8.7;901.7;0.0;913.0
28-Dec-21;458.6;324.1;12.5;1545.6;0.0;1454.6
29-Dec-21;487.6;318.7;13.4;1628.7;0.0;1512.2
30-Dec-21;424.2;297.5;12.2;1421.1;0.0;1339.3
31-Dec-21;403.8;302.6;11.5;1347.6;0.0;1317.9
01-Jan-22;375.8;287.7;10.7;1255.2;4009.0;1200.7
02-Jan-22;334.8;249.5;10.0;1133.4;4040.8;1169.7
03-Jan-22;438.6;308.3;12.3;1462.8;3560.3;1438.8
04-Jan-22;501.6;342.0;13.5;1675.2;4077.7;1520.5
05-Jan-22;487.4;334.3;13.3;1630.7;3896.8;1455.0
06-Jan-22;487.2;333.0;13.3;1639.4;3973.6;1483.8
07-Jan-22;490.1;334.8;13.3;1636.9;4096.9;1505.6
08-Jan-22;455.7;300.6;12.6;1526.5;4101.2;1380.4
09-Jan-22;462.1;302.2;12.8;1528.3;3677.6;1430.9
10-Jan-22;500.5;336.5;13.6;1665.8;3717.0;1575.1
11-Jan-22;457.6;311.9;12.7;1507.3;4301.4;1476.2
12-Jan-22;460.7;315.1;12.6;1523.3;4382.2;1489.1
13-Jan-22;446.3;321.6;12.4;1483.6;3896.0;1517.1
14-Jan-22;299.5;249.7;9.1;1035.3;3693.0;1245.0
15-Jan-22;171.8;147.2;7.0;560.0;3755.2;909.1
16-Jan-22;260.6;234.8;9.3;911.2;3830.9;1145.3
17-Jan-22;315.2;265.8;9.6;1079.3;3904.7;1234.9
18-Jan-22;373.3;260.1;11.0;1276.3;3991.4;1251.8
19-Jan-22;437.7;291.9;12.1;1478.9;3811.8;1313.3
20-Jan-22;470.4;297.9;12.9;1549.9;4565.5;1400.7
21-Jan-22;201.0;206.0;8.3;705.0;3421.0;1056.3
22-Jan-22;186.3;205.7;9.1;663.9;3014.3;1023.8
23-Jan-22;287.2;212.1;9.8;989.8;3816.5;1096.8
24-Jan-22;366.4;254.5;10.9;1243.9;3321.7;1281.1
25-Jan-22;432.0;275.0;12.4;1469.9;3213.5;1352.1
26-Jan-22;303.3;273.0;10.0;1034.7;3689.4;1235.8
27-Jan-22;290.1;270.0;9.7;992.7;3735.6;1225.0
28-Jan-22;385.8;281.7;11.3;1311.7;3805.1;1219.9
29-Jan-22;415.1;289.4;11.8;1408.4;3706.2;1222.6
30-Jan-22;487.0;295.8;13.4;1634.2;3992.6;1402.9
31-Jan-22;487.6;302.7;13.3;1635.7;4163.5;1423.5
01-Feb-22;488.9;317.4;13.4;1636.2;0.0;1507.4
02-Feb-22;446.0;303.7;12.5;1497.4;0.0;1427.9
03-Feb-22;495.0;317.9;13.5;1657.7;0.0;1482.9
04-Feb-22;490.5;323.5;13.5;1643.2;0.0;1527.5
05-Feb-22;433.8;281.9;12.6;1461.7;0.0;1361.2
06-Feb-22;435.2;274.2;12.5;1465.8;0.0;1310.8
07-Feb-22;449.6;277.5;12.8;1510.3;0.0;1359.5
08-Feb-22;473.6;309.7;13.0;1578.7;0.0;1460.3
09-Feb-22;482.1;287.3;13.3;1627.8;0.0;1471.8
10-Feb-22;479.3;287.7;13.3;1610.1;0.0;1422.3
11-Feb-22;469.6;300.9;13.0;1577.0;0.0;1407.0
12-Feb-22;438.7;291.1;12.5;1483.1;0.0;1312.9
13-Feb-22;332.7;236.4;10.1;1113.0;0.0;1072.0
14-Feb-22;173.0;201.6;8.0;807.5;0.0;406.9
15-Feb-22;20.2;0.0;0.1;4.9;0.0;310.2
16-Feb-22;0.0;0.0;0.1;46.1;0.0;316.3
17-Feb-22;0.0;54.0;0.1;103.9;0.0;0.0
18-Feb-22;0.0;0.0;0.1;125.4;0.0;0.0
19-Feb-22;0.0;0.0;0.1;133.9;0.0;0.0
20-Feb-22;0.0;0.0;0.1;140.7;0.0;0.0
21-Feb-22;6.6;0.0;0.1;133.3;0.0;0.0
22-Feb-22;0.0;23.2;0.1;128.3;0.0;0.0
23-Feb-22;0.0;0.0;0.1;135.3;0.0;0.0
24-Feb-22;0.0;0.0;0.1;150.3;0.0;0.0
25-Feb-22;0.1;0.0;0.1;160.5;0.0;0.0
26-Feb-22;0.0;0.0;0.1;165.7;0.0;0.0
27-Feb-22;0.0;0.1;0.1;171.4;0.0;0.0
28-Feb-22;0.0;15.4;0.1;133.7;0.0;0.0
01-Mar-22;0.0;19.8;0.1;92.1;0.0;993.8
02-Mar-22;281.7;175.3;10.4;917.5;4208.6;1260.2
03-Mar-22;419.6;276.1;11.9;1421.0;4036.2;1243.9
04-Mar-22;439.4;285.2;12.4;1449.7;3966.2;1292.9
05-Mar-22;389.3;265.2;11.3;1296.8;4201.5;1155.4
06-Mar-22;380.5;260.2;11.0;1271.8;4023.5;1137.6
07-Mar-22;474.7;311.6;13.3;1579.8;3921.5;1486.7
08-Mar-22;500.7;319.4;13.7;1660.2;4471.7;1455.0
09-Mar-22;483.9;312.0;13.4;1594.8;3932.6;1450.2
10-Mar-22;460.3;310.3;12.9;1545.0;4276.1;1388.1
11-Mar-22;499.4;313.8;13.9;1678.7;4254.7;1507.0
12-Mar-22;490.5;306.5;13.7;1630.0;4575.1;1509.6
13-Mar-22;437.4;275.4;12.7;1460.6;4335.0;1355.4
14-Mar-22;487.2;288.5;13.6;1628.2;4307.7;1482.4
15-Mar-22;416.3;265.1;11.9;1372.3;3989.7;1302.7
16-Mar-22;489.3;318.9;13.4;1580.6;3877.5;1452.0
17-Mar-22;466.3;316.3;13.1;1513.8;4219.5;1336.7
18-Mar-22;429.6;307.8;12.2;1368.6;4037.7;1303.6
19-Mar-22;385.2;279.2;11.3;1238.6;3903.5;1175.6
20-Mar-22;380.1;274.3;11.1;1205.2;4128.9;1122.2
21-Mar-22;462.0;322.5;12.8;1454.2;4031.1;1471.1
22-Mar-22;496.9;321.0;13.3;1567.9;4107.6;1588.1
23-Mar-22;509.4;327.6;13.6;1608.5;3912.2;1637.0
24-Mar-22;468.3;306.7;13.4;1513.2;3858.9;1555.1
25-Mar-22;495.4;337.2;13.3;1584.7;3949.4;1633.2
26-Mar-22;458.2;338.0;12.6;1495.2;3831.0;1619.7
27-Mar-22;298.4;209.9;9.1;993.5;3777.0;1285.1
28-Mar-22;363.5;248.5;10.9;1200.6;3997.2;1407.9
29-Mar-22;497.1;319.3;13.6;1644.9;4182.6;1577.2
30-Mar-22;459.2;303.7;12.8;1507.1;4024.6;1394.7
31-Mar-22;378.9;264.4;11.3;1263.6;3982.8;1187.6
01-Apr-22;495.8;332.4;13.8;1644.1;3949.4;1660.9
02-Apr-22;418.2;300.2;12.1;1383.6;3966.9;1458.8
03-Apr-22;379.3;281.6;11.3;1260.5;3902.4;1374.1
04-Apr-22;431.2;299.2;12.4;1437.5;4181.4;1444.2
05-Apr-22;469.7;342.0;13.3;1561.9;3826.6;1539.7
06-Apr-22;455.3;307.8;12.8;1516.9;4012.2;1404.5
07-Apr-22;467.0;311.4;13.2;1586.3;3130.4;1517.3
08-Apr-22;524.5;344.0;14.6;1748.0;4294.9;1532.2
09-Apr-22;518.7;334.2;14.4;1736.6;4225.5;1562.4
10-Apr-22;502.6;336.8;14.0;1694.5;3856.1;1553.1
11-Apr-22;491.3;358.7;13.7;1648.3;3970.8;1661.3
12-Apr-22;459.4;328.7;12.8;1551.4;3813.5;1471.5
13-Apr-22;346.0;259.9;10.5;1214.9;3943.5;1242.8
14-Apr-22;204.2;163.9;6.9;742.2;4028.3;975.6
15-Apr-22;102.5;129.4;3.6;143.4;0.0;471.6
16-Apr-22;-0.1;47.0;0.1;2.5;0.0;544.6
17-Apr-22;0.0;0.0;0.1;-0.5;0.0;563.0
18-Apr-22;0.0;0.0;0.1;-0.5;0.0;520.8
19-Apr-22;0.0;0.0;0.1;-0.5;0.0;0.0
20-Apr-22;0.0;0.0;0.1;-0.5;0.0;0.0
21-Apr-22;0.0;0.0;0.1;-0.5;0.0;0.0
22-Apr-22;0.0;13.8;0.1;8.5;0.0;824.3
23-Apr-22;380.7;216.5;11.2;1105.3;4010.5;1064.9
24-Apr-22;443.2;303.8;12.7;1470.5;4127.8;1426.6
25-Apr-22;490.0;332.5;13.3;1630.6;3923.1;1514.9
26-Apr-22;471.4;338.2;12.9;1572.1;3953.2;1406.3
27-Apr-22;503.0;351.3;13.6;1675.7;3690.3;1473.5
28-Apr-22;480.9;308.6;13.1;1598.0;3973.2;1332.2
29-Apr-22;359.2;248.2;10.8;1199.6;3993.4;1100.5
30-Apr-22;382.6;265.0;10.5;1271.5;4317.0;1143.7
01-May-22;360.0;248.5;10.3;1206.5;3744.9;1163.8
02-May-22;359.1;242.2;10.3;1202.0;4122.5;1185.9
03-May-22;360.8;251.6;10.4;1210.6;4208.9;1200.4
04-May-22;354.4;269.1;10.3;1188.5;4034.5;1253.1
05-May-22;375.5;274.6;10.9;1265.9;3656.9;1240.2
06-May-22;419.9;306.5;12.1;1406.2;3801.5;1376.3
07-May-22;424.2;282.1;11.9;1427.7;4131.7;1248.5
08-May-22;442.9;302.1;12.2;1474.3;4024.5;1374.8
09-May-22;507.9;334.3;13.6;1676.0;3863.2;1481.8
10-May-22;515.3;348.6;13.8;1706.4;3603.3;1549.4
11-May-22;515.7;349.6;13.8;1711.4;4013.0;1485.7
12-May-22;506.2;341.6;13.6;1680.3;4155.5;1466.3
13-May-22;508.6;339.7;13.7;1685.8;4046.3;1411.8
14-May-22;260.1;174.9;8.7;902.8;0.0;1135.4
15-May-22;186.6;133.8;7.7;616.8;0.0;1080.3
16-May-22;0.0;0.4;0.1;7.3;0.0;161.1
17-May-22;0.2;0.0;0.1;-0.5;0.0;92.3
18-May-22;279.7;194.3;9.5;881.9;4209.3;1049.7
19-May-22;502.5;339.3;13.5;1668.2;3760.1;1502.2
20-May-22;513.2;343.8;13.8;1698.7;4057.1;1504.3
21-May-22;504.4;347.7;13.9;1677.7;3975.0;1525.0
22-May-22;430.0;308.0;12.3;1435.7;3929.5;1313.8
23-May-22;482.0;350.3;13.4;1621.3;4033.8;1506.5
24-May-22;511.3;341.6;13.8;1702.0;3950.6;1562.9
25-May-22;467.2;348.6;13.0;1563.5;3897.0;1523.0
26-May-22;400.9;319.9;11.7;1349.1;3915.8;1348.9
27-May-22;407.9;305.0;12.1;1378.0;4260.9;1282.1
28-May-22;482.3;316.9;13.3;1608.9;3610.4;1371.9
29-May-22;382.1;276.5;11.3;1285.3;4149.8;1292.5
30-May-22;459.5;315.9;12.9;1555.5;4095.2;1452.1
31-May-22;506.2;343.9;13.9;1720.6;4030.6;1480.3
01-Jun-22;489.1;335.5;13.6;1622.9;3985.2;1474.1
02-Jun-22;441.7;320.8;12.7;1485.6;4061.4;1445.0
03-Jun-22;436.8;322.2;12.6;1475.8;3803.9;1381.9
04-Jun-22;414.9;295.0;12.2;1418.1;3815.2;1276.2
05-Jun-22;381.7;311.0;11.3;1297.8;3730.1;1359.4
06-Jun-22;435.5;311.5;12.5;1474.1;3921.4;1365.9
07-Jun-22;413.9;282.5;11.8;1388.5;3931.9;1244.6
08-Jun-22;406.5;288.8;11.8;1360.1;3959.9;1274.1
09-Jun-22;426.2;321.4;12.0;1433.0;3841.4;1421.7
10-Jun-22;497.3;325.5;14.0;1664.9;3580.8;1403.3
11-Jun-22;485.7;322.9;13.6;1629.2;3961.4;1406.3
12-Jun-22;285.8;233.8;9.5;848.9;3066.9;1178.5
13-Jun-22;304.1;221.2;10.4;1054.1;0.0;1079.6
14-Jun-22;219.4;172.4;8.1;789.6;0.0;1096.9
15-Jun-22;206.8;173.8;8.4;756.2;0.0;1088.2
16-Jun-22;281.3;192.3;9.8;997.8;3927.6;1148.1
17-Jun-22;380.2;245.5;11.8;1286.9;4189.8;1194.7
18-Jun-22;371.2;261.8;11.5;1257.0;4065.5;1234.4
19-Jun-22;371.1;243.1;11.5;1253.5;3927.4;1199.9
20-Jun-22;398.0;257.2;11.8;1306.6;4368.5;1275.3
21-Jun-22;436.7;299.4;12.4;1445.3;4130.2;1406.7
22-Jun-22;436.9;295.1;12.5;1461.4;4301.6;1339.4
23-Jun-22;426.4;292.5;12.4;1430.0;4325.3;1331.3
24-Jun-22;419.3;307.0;12.4;1405.8;3940.1;1376.8
25-Jun-22;367.5;265.7;11.3;1246.7;4268.4;1239.8
26-Jun-22;346.5;240.7;11.2;1164.0;3892.1;1236.3
27-Jun-22;401.5;288.1;12.0;1344.6;3723.4;1383.2
28-Jun-22;418.4;298.2;12.3;1398.2;3889.7;1366.2
29-Jun-22;428.8;308.3;12.5;1448.0;2746.7;1336.8
30-Jun-22;394.6;286.7;11.8;1326.8;3989.3;1310.9
01-Jul-22;404.5;307.8;12.0;1365.9;4212.7;1392.6
02-Jul-22;285.6;261.7;10.0;989.7;3682.0;1228.7
03-Jul-22;346.2;283.7;11.2;1192.5;3577.9;1260.5
04-Jul-22;334.1;293.3;11.0;1153.0;3244.1;1316.2
05-Jul-22;330.3;249.9;10.7;1116.9;3868.5;1199.2
06-Jul-22;402.3;272.5;11.9;1328.9;4071.1;1194.1
07-Jul-22;457.5;298.2;12.8;1525.7;4515.0;1316.0
08-Jul-22;419.2;276.5;12.1;1400.5;4325.4;1241.9
09-Jul-22;343.6;236.3;10.9;1160.4;4261.2;1174.4
10-Jul-22;334.8;233.9;10.8;1113.8;4154.8;1211.8
11-Jul-22;401.7;284.5;12.0;1333.1;3864.6;1314.7
12-Jul-22;424.9;323.8;12.4;1387.8;3827.1;1378.3
13-Jul-22;368.4;300.9;11.6;1257.8;3482.9;1241.4
14-Jul-22;391.1;290.9;11.8;1336.3;3862.9;1255.3
15-Jul-22;395.7;292.4;11.8;1347.8;3731.5;1295.9
16-Jul-22;359.8;268.0;11.0;1229.3;4346.7;1127.4
17-Jul-22;375.5;265.1;11.4;1279.6;4259.4;1108.9
18-Jul-22;356.2;279.2;11.1;1210.6;3771.9;1203.5
19-Jul-22;258.0;236.6;9.0;481.2;0.0;1011.3
20-Jul-22;0.0;0.0;0.1;-0.4;0.0;26.8
21-Jul-22;0.0;43.2;0.1;-0.5;0.0;21.7
22-Jul-22;-0.1;0.0;0.1;4.4;0.0;33.9
23-Jul-22;-0.1;25.9;1.0;34.2;0.0;500.0
24-Jul-22;386.4;212.9;11.8;1247.0;4082.6;1218.9
25-Jul-22;420.1;257.6;12.2;1387.9;4680.8;1256.1
26-Jul-22;449.8;277.4;12.8;1484.3;5062.0;1297.6
27-Jul-22;443.6;278.3;12.8;1471.8;4362.3;1319.1
28-Jul-22;477.2;300.1;13.3;1566.0;4222.1;1407.3
29-Jul-22;432.5;280.8;12.7;1440.1;4327.2;1331.7
30-Jul-22;369.9;260.0;11.6;1241.5;4182.8;1286.8
31-Jul-22;332.6;224.4;10.6;1126.0;4712.9;1168.7
01-Aug-22;410.6;278.6;12.3;1384.1;4055.6;1363.5
02-Aug-22;379.8;255.7;11.8;1275.0;4246.2;1268.1
03-Aug-22;425.9;277.0;12.5;1403.3;4151.3;1382.5
04-Aug-22;436.0;291.8;12.6;1437.6;3832.6;1374.9
05-Aug-22;408.8;287.2;12.0;1353.9;3883.7;1388.9
06-Aug-22;324.7;259.7;10.5;1094.1;3768.2;1252.2
07-Aug-22;366.4;252.1;11.3;1220.4;4023.1;1218.2
08-Aug-22;400.1;266.5;11.8;1335.9;3831.4;1279.1
09-Aug-22;409.4;281.4;12.2;1379.0;3561.4;1340.7
10-Aug-22;406.9;275.1;12.3;1373.0;3972.1;1262.5
11-Aug-22;414.9;279.7;12.5;1395.1;3976.8;1211.2
12-Aug-22;399.7;273.0;12.2;1337.4;3914.5;1235.5
13-Aug-22;391.2;273.9;12.1;1317.6;3901.1;1225.0
14-Aug-22;338.4;235.2;11.1;1144.7;3796.0;1148.0
15-Aug-22;400.5;255.8;12.0;1337.5;4090.0;1191.3
16-Aug-22;334.6;225.1;11.0;1112.1;3730.2;1178.9
17-Aug-22;328.3;221.5;10.7;1101.7;4018.5;1142.4
18-Aug-22;384.0;245.1;11.6;1274.5;4210.5;1144.2
19-Aug-22;350.9;236.9;11.2;1173.2;3940.6;1109.0
20-Aug-22;344.3;238.8;10.9;1141.6;3859.2;1153.6
21-Aug-22;328.9;233.7;10.5;1090.2;4008.1;1144.4
22-Aug-22;326.8;243.2;10.9;1088.3;3613.6;1161.5
23-Aug-22;337.3;248.8;10.9;1112.9;3623.5;1173.0
24-Aug-22;326.4;237.4;10.5;1072.4;3831.4;1154.6
25-Aug-22;331.7;237.6;10.6;1090.5;3806.5;1154.6
26-Aug-22;363.5;248.5;11.1;1223.5;3658.4;1152.3
27-Aug-22;349.5;248.6;10.9;1164.5;3935.0;1145.1
28-Aug-22;333.5;227.9;10.7;1111.5;3834.4;1184.4
29-Aug-22;333.0;238.7;10.8;1125.1;3763.3;1227.6
30-Aug-22;335.1;256.2;10.7;1136.0;3585.3;1212.1
31-Aug-22;354.7;255.9;10.9;1189.3;3406.5;1189.2
01-Sep-22;330.9;228.4;10.5;1110.2;4119.4;1126.6
02-Sep-22;356.7;239.7;11.0;1200.4;4150.8;1135.6
03-Sep-22;324.4;223.8;10.3;1087.4;4039.9;1133.5
04-Sep-22;325.5;231.1;10.5;1104.9;4192.1;1177.9
05-Sep-22;352.4;248.7;10.9;1198.2;3747.6;1211.7
06-Sep-22;373.2;265.6;11.1;1261.0;3877.1;1221.1
07-Sep-22;352.4;250.1;10.7;1195.0;3957.4;1196.4
08-Sep-22;345.6;250.1;10.6;1166.2;3960.8;1165.6
09-Sep-22;334.1;237.7;10.4;1132.1;4114.7;1179.2
10-Sep-22;329.7;256.0;10.4;1118.2;3970.1;1226.1
11-Sep-22;330.6;261.1;10.3;1114.9;3810.0;1225.8
12-Sep-22;331.7;248.5;10.4;1118.9;3856.9;1241.8
13-Sep-22;332.0;247.5;10.5;1110.2;4004.6;1213.6
14-Sep-22;372.0;286.7;11.3;1248.5;3622.0;1299.3
15-Sep-22;332.4;251.6;10.4;1103.0;3616.7;1120.6
16-Sep-22;368.8;269.2;11.1;1218.8;3508.2;1198.6
17-Sep-22;397.9;279.1;11.5;1337.5;3674.5;1236.9
18-Sep-22;342.5;301.9;10.9;1164.5;3626.7;1314.1
19-Sep-22;371.5;287.1;11.2;1269.8;3744.9;1287.5
20-Sep-22;399.2;260.1;11.7;1344.7;3710.1;1241.9
21-Sep-22;419.0;291.8;12.2;1382.7;3800.5;1287.2
22-Sep-22;430.1;287.3;12.4;1419.3;3760.0;1264.9
23-Sep-22;425.3;295.5;12.3;1403.2;3805.7;1307.1
24-Sep-22;433.4;312.6;12.5;1451.6;3534.6;1372.7
25-Sep-22;389.2;268.3;11.6;1279.2;4044.2;1191.7
26-Sep-22;418.5;288.2;12.1;1390.2;3753.0;1205.9
27-Sep-22;381.9;282.7;11.2;1259.4;3717.5;1302.8
28-Sep-22;446.2;320.5;12.5;1466.2;3878.3;1402.1
29-Sep-22;437.9;320.2;12.4;1447.0;3751.5;1400.2
30-Sep-22;438.7;303.3;12.3;1430.1;3862.5;1331.7
01-Oct-22;439.8;288.9;12.4;1451.0;3932.1;1306.2
02-Oct-22;432.6;287.0;12.6;1397.8;4084.7;1317.3
03-Oct-22;432.1;287.5;12.2;1401.7;3839.7;1303.4
04-Oct-22;431.5;295.5;12.3;1433.7;3995.5;1306.9
05-Oct-22;376.8;275.1;11.2;1219.0;3675.7;1249.7
06-Oct-22;364.0;281.1;11.1;1215.0;4059.4;1299.6
07-Oct-22;281.9;237.5;9.3;951.5;3551.8;1188.4
08-Oct-22;323.4;259.8;10.1;1085.5;3520.8;1245.2
09-Oct-22;323.3;251.7;10.1;1076.8;3487.6;1172.2
10-Oct-22;328.1;240.0;10.2;1099.3;3426.5;1142.5
11-Oct-22;334.0;241.6;10.3;1114.9;3469.1;1166.4
12-Oct-22;335.0;244.3;10.4;1118.2;3377.3;1175.8
13-Oct-22;331.3;247.2;10.2;1121.9;3354.2;1194.8
14-Oct-22;323.8;238.7;10.1;1083.2;3515.3;1147.9
15-Oct-22;320.6;236.8;10.2;1081.1;3591.3;1166.3
16-Oct-22;320.1;216.4;10.2;1071.3;3786.3;1157.1
17-Oct-22;323.4;238.8;10.2;1097.2;3444.8;1236.2
18-Oct-22;322.0;242.7;10.2;1092.3;4046.4;1230.9
19-Oct-22;323.8;231.0;10.2;1096.4;3417.4;1172.3
20-Oct-22;324.9;225.4;10.2;1103.2;3854.1;1142.1
21-Oct-22;328.4;229.5;10.3;1110.5;3864.0;1163.7
22-Oct-22;330.7;236.0;10.4;1131.2;3538.2;1189.9
23-Oct-22;330.2;234.9;10.4;1121.7;3888.8;1160.1
24-Oct-22;364.1;247.2;11.0;1242.9;3643.1;1178.2
25-Oct-22;402.3;258.0;11.5;1356.2;4321.0;1215.1
26-Oct-22;403.2;247.0;11.6;1349.7;4268.4;1195.7
27-Oct-22;403.6;265.1;11.7;1347.6;3912.0;1297.3
28-Oct-22;384.6;265.1;11.4;1275.7;3981.7;1267.7
29-Oct-22;380.9;267.1;11.3;1271.6;4139.1;1276.4
30-Oct-22;329.5;236.0;10.4;1122.5;3888.2;1193.1
31-Oct-22;376.6;267.5;11.3;1286.5;4115.5;1261.8
01-Nov-22;0.0;0.0;0.0;0.0;3703.2;0.0
02-Nov-22;376.2;272.7;11.1;1289.2;3566.1;1259.7
03-Nov-22;382.7;283.6;11.3;1305.1;3528.5;1318.8
04-Nov-22;370.0;268.9;11.3;1279.3;3597.0;1218.5
05-Nov-22;327.1;234.8;10.4;1120.5;3640.8;1153.8
06-Nov-22;325.0;229.8;10.3;1130.0;3829.6;1170.3
07-Nov-22;347.8;236.6;10.9;1202.1;3718.7;1175.5
08-Nov-22;333.5;234.4;10.6;1106.2;3734.8;1179.2
09-Nov-22;329.2;236.7;10.4;1110.0;4186.7;1162.7
10-Nov-22;323.1;224.7;10.3;1097.9;4079.8;1165.2
11-Nov-22;334.9;242.6;10.4;1151.2;3873.6;1200.7
12-Nov-22;322.4;237.4;10.3;1105.0;3732.9;1145.7
13-Nov-22;327.3;226.7;10.5;1131.9;4011.7;1103.2
14-Nov-22;330.3;216.8;10.5;1131.9;4086.7;1072.2
15-Nov-22;329.4;212.4;10.4;1155.8;4597.4;1098.0
16-Nov-22;348.1;223.2;10.8;1196.9;4211.3;1141.4
17-Nov-22;331.8;230.2;10.5;1111.5;3896.1;1165.5
18-Nov-22;307.2;200.7;9.8;1047.7;4313.6;1097.2
19-Nov-22;243.8;181.2;8.7;865.4;3855.2;888.9
20-Nov-22;252.7;154.6;9.3;900.0;4256.7;878.6
21-Nov-22;252.3;149.3;8.6;909.4;4328.4;823.4
22-Nov-22;265.5;167.9;8.9;950.9;4378.5;888.1
23-Nov-22;318.9;200.9;9.9;1079.0;4556.5;1159.2
24-Nov-22;319.7;210.3;9.9;1078.3;4282.7;1103.6
25-Nov-22;29.5;59.8;3.0;57.9;0.0;414.4
26-Nov-22;0.5;5.6;0.1;-0.5;0.0;135.2
27-Nov-22;0.3;0.0;0.1;-0.5;0.0;24.7
28-Nov-22;0.0;5.9;0.1;-0.5;0.0;11.1
29-Nov-22;0.1;0.0;0.1;24.0;0.0;21.1
30-Nov-22;0.0;0.0;0.1;0.7;0.0;840.1
01-Dec-22;9.3;22.1;2.0;74.1;0.0;964.4
02-Dec-22;289.9;146.8;9.4;770.4;3906.4;1068.6
03-Dec-22;335.8;221.1;10.5;1083.9;4233.3;1236.9
04-Dec-22;320.6;213.0;10.3;1031.1;4017.5;1258.6
05-Dec-22;374.8;241.0;11.2;1166.2;4119.4;1287.1
06-Dec-22;385.7;245.2;11.4;1198.8;4064.0;1244.3
07-Dec-22;325.3;200.8;10.2;1040.9;4053.2;1165.1
08-Dec-22;327.1;209.3;10.6;1057.1;4091.7;1175.1
09-Dec-22;331.1;224.5;10.6;1054.3;3164.4;1136.0
10-Dec-22;333.4;225.2;10.5;1060.0;3637.2;1132.6
11-Dec-22;325.8;222.5;10.5;1060.7;3752.6;1136.5
12-Dec-22;358.3;245.1;11.0;1156.2;4013.9;1186.2
13-Dec-22;413.2;270.9;12.1;1301.6;3762.0;1249.9
14-Dec-22;394.3;272.9;11.7;1271.7;3719.5;1275.8
15-Dec-22;395.6;266.9;11.5;1227.3;3819.0;1232.9
16-Dec-22;380.8;260.0;11.3;1248.4;3741.9;1204.6
17-Dec-22;339.3;261.7;10.4;1121.1;3609.0;1205.7
18-Dec-22;325.3;205.1;10.3;1043.0;3933.3;1090.1
19-Dec-22;426.7;268.2;12.3;1332.0;4162.4;1218.2
20-Dec-22;452.6;285.4;12.8;1480.5;4078.8;1263.3
21-Dec-22;452.0;286.5;12.7;1474.9;3928.0;1260.0
22-Dec-22;373.1;240.5;11.2;1238.7;3910.5;1198.2
23-Dec-22;324.0;215.4;10.3;1087.0;4115.3;1165.3
24-Dec-22;322.1;227.8;10.4;1078.7;4184.8;1179.5
25-Dec-22;320.2;220.1;10.1;1031.6;4003.4;1133.0
26-Dec-22;409.8;263.3;12.1;1373.6;4131.2;1261.1
27-Dec-22;384.9;254.8;11.6;1279.2;3978.8;1255.7
28-Dec-22;352.3;236.7;10.9;1174.1;3721.8;1257.5
29-Dec-22;364.2;246.0;11.1;1214.1;3613.9;1263.4
30-Dec-22;331.5;228.2;10.4;1115.8;3586.9;1168.8
31-Dec-22;334.3;240.5;10.5;1122.6;3935.6;1213.9
01-Jan-23;327.0;220.5;10.4;1114.5;3970.7;1157.0
02-Jan-23;403.7;275.7;12.0;1333.2;3780.8;1264.1
03-Jan-23;423.6;302.1;12.4;1415.9;3734.9;1334.1
04-Jan-23;438.0;303.6;12.6;1460.5;3655.1;1381.8
05-Jan-23;384.6;278.2;11.6;1305.4;3642.8;1225.2
06-Jan-23;467.4;323.6;13.1;1551.5;3625.8;1366.1
07-Jan-23;305.7;226.6;10.3;1046.2;3382.2;857.6
08-Jan-23;265.1;208.9;9.6;909.0;3422.5;682.5
09-Jan-23;275.9;209.8;9.5;913.2;3308.4;682.5
10-Jan-23;316.3;237.0;10.4;1066.5;3324.4;848.1
11-Jan-23;458.7;301.3;13.0;1508.2;3567.8;1318.5
12-Jan-23;473.0;253.0;13.3;1563.5;3956.2;1258.9
13-Jan-23;472.4;305.1;13.3;1566.0;4251.5;1393.2
14-Jan-23;462.8;256.6;13.1;1531.8;4509.8;1247.1
15-Jan-23;347.2;193.7;10.9;1186.0;4187.8;1153.0
16-Jan-23;438.5;232.0;12.6;1458.1;4575.3;1265.3
17-Jan-23;381.2;195.4;11.6;1279.9;5012.3;1198.4
18-Jan-23;411.9;209.7;12.1;1295.0;5008.8;1216.4
19-Jan-23;446.1;225.2;12.8;1331.1;4753.6;1284.2
20-Jan-23;453.8;245.3;12.8;1357.4;4670.0;1342.4
21-Jan-23;442.2;293.9;12.5;1390.3;3782.9;1384.3
22-Jan-23;327.3;234.2;10.3;1072.6;4072.4;1276.6
23-Jan-23;416.0;272.7;12.1;1346.2;3136.6;1295.4
24-Jan-23;445.0;292.4;12.7;1431.5;3979.2;1363.0
25-Jan-23;429.5;283.5;12.4;1385.5;3501.7;1276.7
26-Jan-23;412.8;273.7;12.1;1315.7;4113.0;1308.9
27-Jan-23;460.3;308.1;12.9;1459.3;3558.7;1426.9
28-Jan-23;375.4;245.8;11.3;1213.8;4181.9;1211.5
29-Jan-23;325.9;217.2;10.5;1051.9;3969.6;1078.7
30-Jan-23;433.8;272.5;12.4;1368.4;4081.8;1231.3
31-Jan-23;475.4;290.8;13.1;1494.8;4059.7;1335.0
01-Feb-23;440.1;278.1;12.7;1399.7;4059.8;1319.6
02-Feb-23;443.4;274.1;12.7;1413.5;3877.0;1272.7
03-Feb-23;444.3;230.6;12.6;1379.1;4890.3;1250.3
04-Feb-23;426.3;214.7;12.5;1335.2;4854.9;1273.8
05-Feb-23;345.7;187.4;10.9;1100.7;4181.1;1209.8
06-Feb-23;432.5;256.3;12.4;1337.6;3795.5;1287.6
07-Feb-23;446.5;238.5;12.7;1400.2;3525.5;1292.0
08-Feb-23;480.3;259.0;13.5;1496.2;4921.9;1340.7
09-Feb-23;451.3;290.0;13.2;1406.5;3962.3;1389.8
10-Feb-23;450.0;304.9;13.6;1439.1;3491.3;1385.3
11-Feb-23;399.2;267.8;12.6;1295.1;4199.1;1249.9
12-Feb-23;342.2;229.8;11.8;1125.6;4054.2;1207.6
13-Feb-23;439.6;291.9;13.7;1419.4;3534.5;1373.5
14-Feb-23;436.4;263.7;13.5;1402.0;4045.2;1336.4
15-Feb-23;460.4;308.3;14.0;1468.8;3662.2;1469.8
